<bookstore>
<book category="c++">
<title lang="en">Everyday books</title>  
<author>Bjarne Stroustrup.</author>  
    <year>1985</year>  
    <price>100</price>  
  </book> 
<book category="DBMS">
<author>Rajiv Chopra.</author>  
    <year>2012</year>  
    <price>300</price>  
  </book> 
<book category="python">
<author>David Beazley.</author>  
    <year>2015</year>  
    <price>200</price>  
  </book> 
<book category="php">
<author>Rasmus Lerdorf.</author>  
    <year>2019</year>  
    <price>400</price>  
  </book> 
</bookstore>




 
 